Hospital,Doctor ID,Sun Start,Sun Stop,Mon Start,Mon Stop,Tue Start,Tue Stop,Wed Start,Wed Stop,Thur Start,Thur Stop,Fri Start,Fri Stop,Sat Start,Sat Stop
Home Care International,D5428,11:00,16:00,09:00,18:00,09:00,18:00,09:00,18:00,09:00,18:00,09:00,18:00,09:00,16:00
Home Care International,D1639,11:00,16:00,09:00,18:00,09:00,18:00,09:00,18:00,09:00,18:00,09:00,18:00,09:00,16:00
Home Care International,D2960,11:00,16:00,09:00,18:00,09:00,18:00,09:00,18:00,09:00,18:00,09:00,18:00,09:00,16:00
Home Care International,D8492,11:00,16:00,09:00,18:00,09:00,18:00,09:00,18:00,09:00,18:00,09:00,18:00,09:00,16:00
Home Care International,D9073,11:00,16:00,09:00,18:00,09:00,18:00,09:00,18:00,09:00,18:00,09:00,18:00,09:00,16:00
Home Care International,D4182,11:00,16:00,09:00,18:00,09:00,18:00,09:00,18:00,09:00,18:00,09:00,18:00,09:00,16:00
Phobes Multispecialty Hospital,D7359,11:00,16:00,09:00,18:00,09:00,18:00,09:00,18:00,09:00,18:00,09:00,18:00,09:00,16:00
Phobes Multispecialty Hospital,D9408,11:00,16:00,08:00,20:00,09:00,08:00,20:00,18:00,09:00,18:00,09:00,18:00,09:00,16:00
Phobes Multispecialty Hospital,D7216,11:00,16:00,08:00,20:00,09:00,08:00,20:00,18:00,09:00,18:00,09:00,18:00,09:00,16:00
Phobes Multispecialty Hospital,D2960,11:00,16:00,08:00,20:00,09:00,08:00,20:00,18:00,09:00,18:00,09:00,18:00,09:00,16:00
Phobes Multispecialty Hospital,D8492,11:00,16:00,08:00,20:00,09:00,08:00,20:00,18:00,09:00,18:00,09:00,18:00,09:00,16:00
Phobes Multispecialty Hospital,D2314,11:00,16:00,08:00,20:00,09:00,08:00,20:00,18:00,09:00,18:00,08:00,20:00,09:00,16:00
Phobes Multispecialty Hospital,D5847,11:00,16:00,08:00,20:00,09:00,08:00,20:00,18:00,09:00,18:00,08:00,20:00,09:00,16:00
Phobes Multispecialty Hospital,D7013,11:00,16:00,08:00,20:00,09:00,08:00,20:00,18:00,09:00,18:00,08:00,20:00,09:00,16:00
Phobes Multispecialty Hospital,D5291,11:00,16:00,08:00,20:00,09:00,08:00,20:00,18:00,09:00,18:00,08:00,20:00,09:00,16:00
Phobes Multispecialty Hospital,D6784,11:00,16:00,08:00,20:00,09:00,08:00,20:00,18:00,09:00,18:00,08:00,20:00,09:00,16:00
Phobes Multispecialty Hospital,D1503,11:00,16:00,08:00,20:00,09:00,08:00,20:00,18:00,09:00,18:00,08:00,20:00,09:00,16:00
Phobes Multispecialty Hospital,D8362,11:00,16:00,08:00,20:00,09:00,08:00,20:00,18:00,09:00,18:00,08:00,20:00,09:00,16:00
Phobes Multispecialty Hospital,D9625,11:00,16:00,08:00,20:00,09:00,08:00,20:00,18:00,09:00,18:00,08:00,20:00,09:00,16:00
Phobes Multispecialty Hospital,D4397,11:00,16:00,08:00,20:00,09:00,08:00,20:00,18:00,09:00,18:00,08:00,20:00,09:00,16:00
Phobes Multispecialty Hospital,D5128,11:00,16:00,08:00,20:00,09:00,08:00,20:00,18:00,09:00,18:00,08:00,20:00,09:00,16:00
Phobes Multispecialty Hospital,D9341,11:00,16:00,08:00,20:00,09:00,08:00,20:00,18:00,09:00,18:00,08:00,20:00,09:00,16:00
Phobes Multispecialty Hospital,D7934,11:00,16:00,08:00,20:00,09:00,08:00,20:00,18:00,09:00,18:00,08:00,20:00,09:00,16:00
Phobes Multispecialty Hospital,D2409,11:00,16:00,08:00,20:00,09:00,08:00,20:00,18:00,09:00,18:00,08:00,20:00,09:00,16:00
Phobes Multispecialty Hospital,D6831,11:00,16:00,08:00,20:00,09:00,08:00,20:00,18:00,09:00,18:00,08:00,20:00,09:00,16:00
Phobes Multispecialty Hospital,D3247,11:00,16:00,08:00,20:00,09:00,08:00,20:00,18:00,09:00,18:00,08:00,20:00,09:00,16:00
Phobes Multispecialty Hospital,D8953,11:00,16:00,08:00,20:00,09:00,08:00,20:00,18:00,09:00,18:00,08:00,20:00,09:00,16:00
Phobes Multispecialty Hospital,D6029,11:00,16:00,08:00,20:00,09:00,08:00,20:00,18:00,09:00,18:00,08:00,20:00,09:00,16:00
Phobes Multispecialty Hospital,D1745,11:00,16:00,08:00,20:00,09:00,08:00,20:00,18:00,09:00,18:00,08:00,20:00,09:00,16:00
Phobes Multispecialty Hospital,D9408,11:00,16:00,08:00,20:00,09:00,08:00,20:00,18:00,09:00,18:00,08:00,20:00,09:00,16:00
Pankaj Memorial Hospital,D8597,11:00,16:00,08:00,20:00,09:00,08:00,20:00,18:00,09:00,18:00,08:00,20:00,09:00,16:00
Pankaj Memorial Hospital,D9482,11:00,16:00,08:00,20:00,09:00,08:00,20:00,18:00,09:00,18:00,08:00,20:00,09:00,16:00
Pankaj Memorial Hospital,D3768,11:00,16:00,08:00,20:00,09:00,08:00,20:00,18:00,09:00,18:00,08:00,20:00,09:00,16:00
Pankaj Memorial Hospital,D4017,11:00,16:00,08:00,20:00,09:00,08:00,20:00,18:00,09:00,18:00,08:00,20:00,09:00,16:00
Pankaj Memorial Hospital,D6719,11:00,16:00,08:00,20:00,09:00,08:00,20:00,18:00,09:00,18:00,08:00,20:00,09:00,16:00
Pankaj Memorial Hospital,D5521,11:00,16:00,08:00,20:00,09:00,08:00,20:00,18:00,09:00,18:00,08:00,20:00,09:00,16:00
Pankaj Memorial Hospital,D1034,11:00,16:00,08:00,20:00,09:00,08:00,20:00,18:00,09:00,18:00,08:00,20:00,09:00,16:00
Pankaj Memorial Hospital,D8265,11:00,16:00,08:00,20:00,09:00,08:00,20:00,18:00,09:00,18:00,08:00,20:00,09:00,16:00
Pankaj Memorial Hospital,D2197,11:00,16:00,08:00,20:00,09:00,08:00,20:00,18:00,09:00,18:00,08:00,20:00,09:00,16:00
Pankaj Memorial Hospital,D7942,11:00,16:00,09:00,18:00,09:00,18:00,09:00,18:00,09:00,18:00,08:00,20:00,09:00,16:00
BMS Hospital,D5073,11:00,16:00,09:00,18:00,09:00,18:00,09:00,18:00,09:00,18:00,08:00,20:00,09:00,16:00
BMS Hospital,D3408,11:00,16:00,09:00,18:00,09:00,18:00,09:00,18:00,09:00,18:00,08:00,20:00,09:00,16:00
BMS Hospital,D9571,11:00,16:00,09:00,18:00,09:00,18:00,09:00,18:00,09:00,18:00,08:00,20:00,09:00,16:00
BMS Hospital,D6239,11:00,16:00,09:00,18:00,09:00,18:00,09:00,18:00,09:00,18:00,09:00,18:00,09:00,16:00
BMS Hospital,D1542,11:00,16:00,09:00,18:00,09:00,18:00,09:00,18:00,09:00,18:00,09:00,18:00,09:00,16:00
BMS Hospital,D8106,11:00,16:00,09:00,18:00,09:00,18:00,09:00,18:00,09:00,18:00,09:00,18:00,09:00,16:00
BMS Hospital,D7453,11:00,16:00,09:00,18:00,09:00,18:00,09:00,18:00,09:00,18:00,09:00,18:00,09:00,16:00
BMS Hospital,D6321,11:00,16:00,09:00,18:00,09:00,18:00,09:00,18:00,09:00,18:00,09:00,18:00,09:00,16:00
BMS Hospital,D5820,11:00,16:00,09:00,18:00,09:00,18:00,09:00,18:00,09:00,18:00,09:00,18:00,09:00,16:00
BMS Hospital,D2304,11:00,16:00,09:00,18:00,09:00,18:00,09:00,18:00,09:00,18:00,09:00,18:00,09:00,16:00
BMS Hospital,D7649,11:00,16:00,09:00,18:00,09:00,18:00,09:00,18:00,09:00,18:00,09:00,18:00,09:00,16:00
BMS Hospital,D9385,11:00,16:00,09:00,18:00,09:00,18:00,09:00,18:00,09:00,18:00,09:00,18:00,09:00,16:00
BMS Hospital,D3142,11:00,16:00,09:00,18:00,09:00,18:00,09:00,18:00,09:00,18:00,09:00,18:00,09:00,16:00
BMS Hospital,D8597,11:00,16:00,09:00,18:00,09:00,18:00,09:00,18:00,09:00,18:00,09:00,18:00,09:00,16:00
BMS Hospital,D4706,11:00,16:00,08:00,20:00,09:00,18:00,08:00,20:00,09:00,18:00,09:00,18:00,09:00,16:00
BMS Hospital,D1359,11:00,16:00,08:00,20:00,09:00,18:00,08:00,20:00,09:00,18:00,09:00,18:00,09:00,16:00
BMS Hospital,D9872,11:00,16:00,08:00,20:00,09:00,18:00,08:00,20:00,09:00,18:00,09:00,18:00,09:00,16:00
HH Diabetes and Heartcare Centre,D2048,11:00,16:00,08:00,20:00,09:00,18:00,08:00,20:00,09:00,18:00,09:00,18:00,09:00,16:00
HH Diabetes and Heartcare Centre,D6921,11:00,16:00,08:00,20:00,09:00,18:00,08:00,20:00,09:00,18:00,09:00,18:00,09:00,16:00
HH Diabetes and Heartcare Centre,D5634,11:00,16:00,08:00,20:00,09:00,18:00,08:00,20:00,09:00,18:00,09:00,18:00,09:00,16:00
HH Diabetes and Heartcare Centre,D8497,11:00,16:00,08:00,20:00,09:00,18:00,08:00,20:00,09:00,18:00,09:00,18:00,09:00,16:00
HH Diabetes and Heartcare Centre,D2730,11:00,16:00,08:00,20:00,09:00,18:00,08:00,20:00,09:00,18:00,09:00,18:00,09:00,16:00
HH Diabetes and Heartcare Centre,D4579,11:00,16:00,08:00,20:00,09:00,18:00,08:00,20:00,09:00,18:00,09:00,18:00,09:00,16:00
HH Diabetes and Heartcare Centre,D8041,11:00,16:00,08:00,20:00,09:00,18:00,08:00,20:00,09:00,18:00,09:00,18:00,09:00,16:00
HH Diabetes and Heartcare Centre,D6935,11:00,16:00,08:00,20:00,09:00,18:00,08:00,20:00,09:00,18:00,09:00,18:00,09:00,16:00
HH Diabetes and Heartcare Centre,D8597,11:00,16:00,08:00,20:00,09:00,18:00,08:00,20:00,09:00,18:00,09:00,18:00,09:00,16:00
HH Diabetes and Heartcare Centre,D1426,11:00,16:00,08:00,20:00,09:00,18:00,09:00,18:00,09:00,18:00,09:00,18:00,09:00,16:00
HH Diabetes and Heartcare Centre,D7810,11:00,16:00,08:00,20:00,09:00,18:00,09:00,18:00,09:00,18:00,09:00,18:00,09:00,16:00
HH Diabetes and Heartcare Centre,D6529,11:00,16:00,08:00,20:00,09:00,18:00,09:00,18:00,09:00,18:00,09:00,18:00,09:00,16:00
Nithya Medicare for women and children,D9341,11:00,16:00,08:00,20:00,09:00,18:00,09:00,18:00,09:00,18:00,09:00,18:00,09:00,16:00
Nithya Medicare for women and children,D5123,11:00,16:00,08:00,20:00,09:00,18:00,09:00,18:00,09:00,18:00,09:00,18:00,09:00,16:00
Nithya Medicare for women and children,D6247,11:00,16:00,08:00,20:00,09:00,18:00,09:00,18:00,09:00,18:00,09:00,18:00,09:00,16:00
Nithya Medicare for women and children,D8639,11:00,16:00,08:00,20:00,09:00,18:00,09:00,18:00,09:00,18:00,09:00,18:00,09:00,16:00
Nithya Medicare for women and children,D4018,11:00,16:00,08:00,20:00,09:00,18:00,09:00,18:00,09:00,18:00,09:00,18:00,09:00,16:00
Nithya Medicare for women and children,D2947,11:00,16:00,08:00,20:00,09:00,18:00,09:00,18:00,09:00,18:00,09:00,18:00,09:00,16:00
Nithya Medicare for women and children,D2836,11:00,16:00,08:00,20:00,09:00,18:00,09:00,18:00,09:00,18:00,09:00,18:00,09:00,16:00
Nithya Medicare for women and children,D7385,11:00,16:00,08:00,20:00,09:00,18:00,09:00,18:00,09:00,18:00,09:00,18:00,09:00,16:00
Prashanth Superspecialty Hospital,D9153,11:00,16:00,08:00,20:00,09:00,18:00,09:00,18:00,09:00,18:00,09:00,18:00,09:00,16:00
Prashanth Superspecialty Hospital,D4617,11:00,16:00,08:00,20:00,09:00,18:00,09:00,18:00,09:00,18:00,09:00,18:00,09:00,16:00
Prashanth Superspecialty Hospital,D5260,11:00,16:00,08:00,20:00,09:00,18:00,09:00,18:00,09:00,18:00,09:00,18:00,09:00,16:00
Prashanth Superspecialty Hospital,D3079,11:00,16:00,08:00,20:00,09:00,18:00,09:00,18:00,09:00,18:00,09:00,18:00,09:00,16:00
Prashanth Superspecialty Hospital,D8413,11:00,16:00,08:00,20:00,09:00,18:00,09:00,18:00,09:00,18:00,09:00,18:00,09:00,16:00
Prashanth Superspecialty Hospital,D6924,11:00,16:00,08:00,20:00,09:00,18:00,09:00,18:00,09:00,18:00,07:00,21:00,09:00,16:00
Prashanth Superspecialty Hospital,D5016,11:00,16:00,08:00,20:00,09:00,18:00,09:00,18:00,09:00,18:00,07:00,21:00,09:00,16:00
Prashanth Superspecialty Hospital,D7132,11:00,16:00,08:00,20:00,09:00,18:00,09:00,18:00,09:00,18:00,07:00,21:00,09:00,16:00
Prashanth Superspecialty Hospital,D2794,11:00,16:00,08:00,20:00,09:00,18:00,09:00,18:00,09:00,18:00,07:00,21:00,09:00,16:00
SS Roy Medicare,D4052,11:00,16:00,09:00,18:00,09:00,18:00,09:00,18:00,09:00,18:00,07:00,21:00,09:00,16:00
SS Roy Medicare,D6407,11:00,16:00,09:00,18:00,09:00,18:00,09:00,18:00,09:00,18:00,07:00,21:00,09:00,16:00
SS Roy Medicare,D3519,11:00,16:00,09:00,18:00,09:00,18:00,09:00,18:00,09:00,18:00,07:00,21:00,09:00,16:00
Simply Healthy Clinic,D5073,11:00,16:00,09:00,18:00,09:00,18:00,09:00,18:00,09:00,18:00,07:00,21:00,09:00,16:00
Simply Healthy Clinic,D8946,11:00,16:00,09:00,18:00,09:00,18:00,09:00,18:00,09:00,18:00,07:00,21:00,09:00,16:00
Simply Healthy Clinic,D6203,11:00,16:00,09:00,18:00,09:00,18:00,09:00,18:00,09:00,18:00,07:00,21:00,09:00,16:00
Simply Healthy Clinic,D4851,11:00,16:00,09:00,18:00,09:00,18:00,09:00,18:00,09:00,18:00,07:00,21:00,09:00,16:00
Simply Healthy Clinic,D9136,11:00,16:00,09:00,18:00,09:00,18:00,09:00,18:00,09:00,18:00,07:00,21:00,09:00,16:00
Simply Healthy Clinic,D1340,11:00,16:00,09:00,18:00,09:00,18:00,09:00,18:00,09:00,18:00,07:00,21:00,09:00,16:00
Simply Healthy Clinic,D7598,11:00,16:00,09:00,18:00,09:00,18:00,09:00,18:00,09:00,18:00,09:00,18:00,09:00,16:00
Sana Superclinic,D2836,11:00,16:00,09:00,18:00,09:00,18:00,09:00,18:00,09:00,18:00,09:00,18:00,09:00,16:00
Sana Superclinic,D5019,11:00,16:00,09:00,18:00,09:00,18:00,09:00,18:00,09:00,18:00,09:00,18:00,09:00,16:00
KFG General Hospital,D6473,11:00,16:00,09:00,18:00,09:00,18:00,09:00,18:00,09:00,18:00,09:00,18:00,09:00,16:00
KFG General Hospital,D3745,11:00,16:00,09:00,18:00,09:00,18:00,09:00,18:00,09:00,18:00,09:00,18:00,09:00,16:00
KFG General Hospital,D1902,11:00,16:00,09:00,18:00,09:00,18:00,09:00,18:00,09:00,18:00,09:00,18:00,09:00,16:00
Sanjeevani Clinic,D7681,11:00,16:00,09:00,18:00,09:00,18:00,09:00,18:00,09:00,18:00,09:00,18:00,09:00,16:00
Sanjeevani Clinic,D5694,11:00,16:00,09:00,18:00,09:00,18:00,09:00,18:00,09:00,18:00,09:00,18:00,09:00,16:00
Sanjeevani Clinic,D6439,11:00,16:00,09:00,18:00,09:00,18:00,09:00,18:00,09:00,18:00,09:00,18:00,09:00,16:00
Sanjeevani Clinic,D3025,11:00,16:00,09:00,18:00,09:00,18:00,09:00,18:00,09:00,18:00,09:00,18:00,09:00,16:00
Supreme Clinic,D9408,11:00,16:00,09:00,18:00,09:00,18:00,09:00,18:00,09:00,18:00,09:00,18:00,09:00,16:00
Supreme Clinic,D7216,11:00,16:00,09:00,18:00,09:00,18:00,09:00,18:00,09:00,18:00,09:00,18:00,09:00,16:00
Supreme Clinic,D5104,11:00,16:00,09:00,18:00,09:00,18:00,09:00,18:00,09:00,18:00,09:00,18:00,09:00,16:00
Supreme Clinic,D3897,11:00,16:00,09:00,18:00,09:00,18:00,09:00,18:00,09:00,18:00,09:00,18:00,09:00,16:00
Supreme Clinic,D3247,11:00,16:00,09:00,18:00,09:00,18:00,09:00,18:00,09:00,18:00,09:00,18:00,09:00,16:00
Supreme Clinic,D1069,00:00,23:59,00:00,23:59,00:00,23:59,00:00,23:59,00:00,23:59,00:00,23:59,00:00,23:59
